Marca,Modelo,Anno
Hyundai,i30,1996
Audi,A4,2008
Toyota,Yaris,2007
Honda,Jazz,1986
Ford,Kuga,1989
Toyota,RAV4,1991
Seat,Ibiza,2008
Hyundai,Tucson,2015
Fiat,500,1985
Skoda,Octavia,1997
Fiat,500,1996
BMW,M3,2002
Hyundai,Santa Fe,1990
Honda,Accord,2022
Ford,Mustang,1995
Seat,Leon,2023
BMW,X5,2005
BMW,320,2002
Hyundai,Santa Fe,2021
Mercedes-Benz,GLC,2022
Toyota,Camry,1998
BMW,320,2003
Kia,Ceed,1984
Kia,Picanto,2003
Toyota,Yaris,1986
Kia,Sorento,2013
Volkswagen,Passat,2014
Fiat,500,1985
Skoda,Fabia,1987
Hyundai,Elantra,1983
Fiat,500,1986
Peugeot,308,2019
Hyundai,Tucson,2022
Toyota,Yaris,1997
Nissan,Leaf,1999
Audi,Q7,2020
Ford,Focus,2000
Seat,Leon,1990
Volkswagen,Passat,1995
Honda,Accord,1997
Nissan,Juke,2017
Renault,Clio,2016
Volkswagen,Passat,2014
Peugeot,208,2014
Mazda,Mazda3,1987
Renault,Scenic,2022
Mazda,MX-5,1995
Audi,A4,1997
Peugeot,208,1995
Audi,A3,1996
Nissan,Qashqai,2000
Nissan,Qashqai,2011
Mazda,Mazda6,2004
Toyota,Yaris,1990
Seat,Ibiza,2014
Fiat,500,2023
Honda,Jazz,2011
Toyota,Camry,2011
Toyota,Yaris,2000
Peugeot,208,1983
Renault,Scenic,2002
Honda,CR-V,1992
Peugeot,208,1987
Honda,Accord,2013
Hyundai,Elantra,2011
Toyota,Corolla,1991
BMW,320,2013
Renault,Megane,2011
Kia,Ceed,2007
Honda,Accord,1981
Ford,Fiesta,2022
Mercedes-Benz,C-Class,1984
Nissan,Juke,1984
Honda,Jazz,2000
Ford,Fiesta,1981
Toyota,RAV4,1991
Skoda,Fabia,2009
Nissan,Qashqai,2003
Seat,Leon,1981
BMW,X5,2003
Seat,Ateca,2015
Mazda,Mazda3,1994
Audi,Q7,1985
Nissan,Micra,1996
Mazda,MX-5,2022
Mercedes-Benz,GLC,2005
Audi,A4,2013
BMW,Z4,2023
Honda,CR-V,2001
Fiat,500,2017
Kia,Sorento,2014
Skoda,Fabia,2012
Seat,Ateca,1997
Honda,Jazz,1997
Nissan,Micra,2021
Skoda,Octavia,2009
Skoda,Octavia,1982
Honda,Civic,2011
Seat,Leon,2017
Mercedes-Benz,GLC,2015
Kia,Picanto,2007
Nissan,Qashqai,2006
BMW,X5,2010
Nissan,Micra,2005
Mazda,MX-5,2012
Renault,Scenic,2019
Hyundai,Elantra,2003
Volkswagen,Passat,2021
Fiat,Punto,2022
Fiat,500,2002
Fiat,500,1995
Ford,Fiesta,2012
Renault,Kadjar,2016
Nissan,Leaf,1989
Audi,Q5,1993
Peugeot,308,2006
Ford,Mustang,1987
Audi,A3,1988
Mazda,CX-5,2013
Peugeot,308,1997
Toyota,Yaris,2019
Nissan,Juke,1983
Toyota,RAV4,2002
Volkswagen,Tiguan,1982
Toyota,RAV4,2022
Skoda,Octavia,1986
Nissan,Micra,1988
Kia,Ceed,2018
Peugeot,308,2008
Ford,Focus,2022
Seat,Ibiza,2008
Mercedes-Benz,C-Class,2019
Audi,A3,1987
Toyota,Camry,1997
Peugeot,208,2022
Renault,Scenic,1985
Mazda,Mazda6,1992
Hyundai,Santa Fe,1999
Hyundai,Elantra,2012
Nissan,Qashqai,2015
Hyundai,Elantra,1991
Hyundai,Tucson,1988
Hyundai,Elantra,2003
Nissan,Juke,1990
Toyota,RAV4,1980
Mazda,Mazda6,2015
Skoda,Octavia,1983
Kia,Sportage,1986
Volkswagen,Golf,1991
Skoda,Kodiaq,2017
Renault,Scenic,1983
Seat,Ibiza,2016
Nissan,Juke,1985
Renault,Kadjar,2015
Renault,Megane,1982
Fiat,Punto,2006
Nissan,Qashqai,2005
Skoda,Octavia,2023
Mazda,Mazda3,2023
Ford,Focus,2008
Peugeot,508,1995
Kia,Picanto,1991
Hyundai,Santa Fe,2015
Ford,Mustang,2002
Kia,Ceed,1991
Volkswagen,Passat,2006
Skoda,Fabia,2010
Skoda,Kodiaq,2018
BMW,X5,1992
Seat,Leon,2016
Volkswagen,Polo,2018
Peugeot,208,1999
Skoda,Superb,1980
Mercedes-Benz,C-Class,2016
Kia,Picanto,2005
Ford,Fiesta,1986
Volkswagen,Golf,1985
Peugeot,208,1992
Toyota,Corolla,2007
Audi,A3,1994
Mazda,CX-5,1989
Toyota,Corolla,2003
Peugeot,308,2019
Honda,Jazz,2006
Toyota,Camry,1997
Seat,Ibiza,2015
Toyota,Camry,2010
Mercedes-Benz,GLC,1985
BMW,Z4,2007
Audi,A4,2001
Nissan,Leaf,2013
Toyota,RAV4,2001
Audi,A3,2019
Ford,Fiesta,1990
Honda,CR-V,2005
Kia,Sportage,1993
Kia,Sportage,2008
Peugeot,508,2019
Nissan,Micra,2004
Peugeot,208,1992
Fiat,Tipo,2000
Ford,Mustang,1988
Audi,Q5,1983
Audi,A4,1986
Audi,A4,2013
Seat,Ibiza,2011
Mercedes-Benz,S-Class,1984
Toyota,Corolla,2019
Skoda,Octavia,2016
Renault,Megane,1991
Skoda,Fabia,2012
Seat,Ibiza,2016
Honda,Jazz,1994
Mazda,MX-5,1985
Nissan,Juke,1982
Kia,Sportage,2007
Skoda,Superb,1999
Peugeot,208,2022
Fiat,500,2013
Mazda,MX-5,2018
Seat,Ibiza,2002
Mercedes-Benz,S-Class,2000
Hyundai,Elantra,2007
Honda,Jazz,1994
Toyota,Corolla,1984
Volkswagen,Polo,1991
Seat,Arona,2020
Mercedes-Benz,GLC,2000
Peugeot,3008,1996
Seat,Ibiza,2023
Nissan,Leaf,2012
BMW,M3,1986
Seat,Arona,1992
Ford,Focus,1994
Mazda,Mazda3,1999
Kia,Sorento,1987
BMW,Z4,1980
Peugeot,3008,1997
Peugeot,308,1990
Toyota,Yaris,2020
Hyundai,i30,1982
BMW,320,2017
Fiat,Panda,1985
Toyota,Camry,2017
Toyota,Corolla,1987
Mazda,MX-5,1990
Fiat,Punto,1981
Audi,Q7,2019
Skoda,Superb,1981
Mazda,CX-5,1996
BMW,320,1981
Hyundai,Elantra,2014
Renault,Megane,2022
Skoda,Kodiaq,1985
Audi,Q5,2021
Audi,Q7,1988
Mazda,Mazda6,2009
Volkswagen,Golf,2015
Mazda,MX-5,2022
Peugeot,308,2023
Fiat,Tipo,1981
Fiat,Tipo,1998
Ford,Mustang,1980
Kia,Sportage,2012
Peugeot,3008,2020
Ford,Fiesta,2020
Hyundai,Santa Fe,2011
Toyota,Yaris,1991
Kia,Ceed,2005
Kia,Sportage,1992
Mercedes-Benz,C-Class,2011
Mazda,CX-5,2003
Audi,Q7,1996
Audi,Q5,2016
Audi,Q7,2023
Toyota,Yaris,1980
Ford,Fiesta,2010
Mercedes-Benz,S-Class,2016
Audi,A4,2022
Mazda,CX-5,2014
Skoda,Superb,1999
Mazda,Mazda3,2022
Renault,Megane,1984
Audi,Q7,2017
Volkswagen,Polo,1994
Nissan,Micra,1993
Ford,Fiesta,1986
Nissan,Juke,2015
Ford,Focus,2008
Mazda,Mazda3,2022
Skoda,Kodiaq,2000
Kia,Sorento,2001
BMW,Z4,2017
Kia,Sorento,2006
Nissan,Qashqai,1994
Hyundai,Santa Fe,2020
Honda,Accord,2004
Audi,Q7,2000
Skoda,Kodiaq,2003
Ford,Fiesta,2019
Nissan,Micra,2023
Toyota,Corolla,2009
Ford,Fiesta,2012
Audi,Q5,2001
Honda,Civic,1989
Nissan,Qashqai,1981
Peugeot,308,1982
Kia,Picanto,2020
Skoda,Fabia,2007
Renault,Kadjar,2008
Toyota,Camry,1983
Peugeot,3008,2009
Kia,Ceed,2023
Honda,Accord,2012
Hyundai,Santa Fe,1987
Honda,Civic,1986
Renault,Clio,1981
Toyota,Yaris,2010
Volkswagen,Polo,2006
BMW,Z4,2011
Kia,Picanto,2016
Toyota,RAV4,1984
Audi,A3,2015
Seat,Ibiza,1986
Honda,CR-V,1982
Volkswagen,Polo,1990
Toyota,RAV4,2017
Honda,CR-V,2000
Audi,Q5,2005
Nissan,Micra,1985
Peugeot,308,1982
Volkswagen,Tiguan,1994
Nissan,Juke,1991
Skoda,Fabia,1991
Seat,Ateca,1997
Volkswagen,Polo,2017
Toyota,Yaris,1996
Skoda,Kodiaq,2007
Audi,A3,2001
Seat,Arona,1995
Renault,Kadjar,2015
Seat,Ateca,1985
Peugeot,3008,2005
Volkswagen,Golf,2006
Renault,Megane,2014
Honda,CR-V,2004
Kia,Sportage,1999
Skoda,Fabia,1985
Volkswagen,Passat,1981
Mercedes-Benz,C-Class,2007
Mercedes-Benz,C-Class,2004
BMW,X5,2016
Audi,Q7,2011
Mazda,MX-5,1994
Ford,Mustang,2007
Ford,Fiesta,2015
Peugeot,3008,2011
Skoda,Fabia,2011
Renault,Kadjar,1980
Kia,Sportage,2014
Fiat,Panda,2008
Renault,Megane,2009
Fiat,Tipo,1986
Ford,Focus,2015
Renault,Megane,2022
Volkswagen,Passat,1992
Fiat,500,1997
Skoda,Fabia,1983
Mercedes-Benz,E-Class,2008
Ford,Fiesta,2017
Fiat,500,2005
Kia,Ceed,2017
Nissan,Micra,1982
Ford,Mustang,2017
Hyundai,Tucson,1996
Mercedes-Benz,E-Class,2014
Fiat,Panda,2022
Mazda,CX-5,2002
Audi,Q7,2017
Mercedes-Benz,S-Class,2015
Hyundai,Tucson,2014
Peugeot,208,2022
Kia,Sportage,1988
Kia,Sorento,1986
Mercedes-Benz,S-Class,1989
Seat,Leon,1989
Peugeot,208,1983
Renault,Scenic,1990
Fiat,500,1986
Honda,Civic,2004
Nissan,Leaf,1991
Mazda,Mazda6,2016
Seat,Ateca,2001
Hyundai,Santa Fe,2009
Kia,Sportage,1989
Mercedes-Benz,E-Class,2001
Nissan,Juke,1982
Skoda,Kodiaq,2005
Volkswagen,Golf,2011
Seat,Ibiza,1993
Kia,Picanto,2021
Toyota,Corolla,1995
Volkswagen,Polo,2013
Hyundai,Elantra,2003
Renault,Megane,2010
Hyundai,i30,2007
Peugeot,508,1988
Fiat,Punto,1993
Nissan,Leaf,2022
Nissan,Qashqai,1984
Seat,Ateca,2005
Fiat,Panda,1984
Honda,Jazz,1999
Fiat,Tipo,1985
Toyota,Corolla,2004
BMW,Z4,1980
Audi,A4,1984
Toyota,RAV4,2000
Ford,Focus,2002
Audi,A3,1995
Skoda,Superb,2004
Nissan,Qashqai,2016
Honda,Civic,2001
Ford,Focus,1994
Mazda,MX-5,2003
Kia,Ceed,2002
Mercedes-Benz,GLC,2011
Audi,A3,2001
Skoda,Fabia,2014
Seat,Leon,2011
Kia,Sportage,1985
Mercedes-Benz,E-Class,1988
BMW,X5,2018
Audi,A4,1987
Nissan,Leaf,2001
Audi,A3,2014
Ford,Mustang,1982
Ford,Kuga,2009
Peugeot,308,1985
Toyota,Yaris,1983
Fiat,Tipo,1996
BMW,M3,1986
Mazda,Mazda3,1984
Renault,Clio,2017
Fiat,Tipo,1990
Fiat,Punto,1984
Mercedes-Benz,S-Class,1985
Honda,Accord,1992
Hyundai,Santa Fe,2000
Mercedes-Benz,E-Class,1984
Fiat,500,1994
Audi,Q7,1997
Fiat,Tipo,1997
Hyundai,i30,2004
Mercedes-Benz,GLC,1996
Skoda,Octavia,2001
Honda,Civic,2009
Renault,Clio,2013
Peugeot,308,2014
Skoda,Octavia,2010
Hyundai,Tucson,2011
Volkswagen,Polo,1995
Seat,Ateca,2022
Volkswagen,Passat,1998
Peugeot,508,1994
BMW,Z4,1990
Renault,Megane,2018
Mercedes-Benz,GLC,2005
Honda,Jazz,1997
Toyota,Camry,2018
Fiat,Punto,2021
Hyundai,Elantra,2013
Mazda,CX-5,2001
Mazda,Mazda3,2015
Ford,Mustang,2009
Mercedes-Benz,C-Class,1989
Audi,Q7,2022
Ford,Kuga,1981
Fiat,Panda,1987
Ford,Focus,1981
Honda,Civic,1990
Hyundai,Elantra,2017
BMW,320,2022
Audi,A4,1987
Hyundai,Tucson,1983
Skoda,Fabia,2015
Kia,Sportage,1986
Nissan,Juke,1989
Mercedes-Benz,E-Class,2010
Audi,A3,1997
Kia,Sorento,2012
Honda,Accord,2015
BMW,X5,2017
Volkswagen,Polo,2019
Nissan,Juke,2018
Mazda,MX-5,1988
Audi,Q5,2007
BMW,320,2004
Mercedes-Benz,GLC,2019
Honda,Jazz,1998
